,mean_demand,mean_std,mean_cv,median_cv,mean_skewness,n_groups
Store-Dept,48191.13796342538,7357.549254304847,0.1505349575027559,0.10342540385227128,0.9309810110032737,450.0
Store,48336.01438347976,24336.97705795528,0.5632919691710285,0.4996560022669313,2.1379368044221416,45.0
Region,43092.253196380865,28451.37330557434,0.6899156972494849,0.7337311458083546,2.047214533567389,3.0
