Forecast Model,Forecast RMSE,Forecast WAPE (%),Total Safety Stock,Total Holding Cost/wk,Avg sigma_used
Historical Baseline,7336.7504794421,9.444791389156409,7184897.472042828,122737.30084592022,7549.496680264813
LightGBM,4608.254165604936,5.777997327917171,4743126.122682098,82352.59336550353,5123.119705167602
XGBoost,4703.140272631979,5.845549670394291,5174449.185592542,88707.8535236824,5470.024491724575
