Service Level,Classical: Total SS,Classical: Weekly Cost,ML-Enhanced: Total SS,ML-Enhanced: Weekly Cost,SS Reduction (%),Cost Reduction (%)
95%,7184897.472042828,122737.30084592022,4743126.122682098,82352.59336550353,33.9847765241176,32.90336939306995
