lead_time_multiplier,classical_cost,ml_cost,cost_reduction_pct
0.5,120770.43068853444,81178.70763944753,32.78262967463742
0.75,122737.30084592022,82352.59336550353,32.90336939306995
1.0,122737.30084592022,82352.59336550353,32.90336939306995
1.25,122737.30084592022,82352.59336550353,32.90336939306995
1.5,172380.4517886319,115750.1653561272,32.851919022664575
