Model,RMSE,MAE,MAPE (%),WAPE (%)
Historical Baseline,7336.7504794421,4603.220168667119,10.456136089121529,9.444791389156409
LightGBM,4608.254165604936,2816.0911912686156,9.864008138087856,5.777997327917171
XGBoost,4703.140272631979,2849.0149788377516,11.5584968022666,5.845549670394291
